domain,url_count,avg_path_depth,avg_query_count,avg_url_length,avg_subdomain_levels,pct_has_digits,pct_has_special_chars
aaru.edu.jo,30,2.3666666666666667,0.43333333333333335,159.06666666666666,1.0,0.6,0.7333333333333333
aau.edu.jo,30,2.8,0.0,230.8,1.0,0.5,0.5
bathandbodyworks.jo,30,2.0,0.0,70.83333333333333,1.0,0.3,0.0
capitalbank.jo,7,3.4285714285714284,0.0,56.714285714285715,1.0,0.0,0.14285714285714285
ccd.gov.jo,30,3.6333333333333333,0.0,122.53333333333333,1.0,0.8333333333333334,0.8
dls.gov.jo,16,2.3125,0.125,85.125,1.0,0.4375,0.625
googleapis.com,30,4.4,1.3,93.5,1.0,0.9666666666666667,0.43333333333333335
gstatic.com,30,9.533333333333333,0.0,276.3,1.0,1.0,1.0
iu.edu.jo,30,3.7333333333333334,0.0,63.666666666666664,1.0,0.7,1.0
jaf.mil.jo,30,1.1333333333333333,0.7333333333333333,51.4,1.0,0.36666666666666664,0.9666666666666667
jordannews.jo,30,2.7,0.0,93.3,0.9666666666666667,0.8666666666666667,0.06666666666666667
jppmc.jo,6,1.6666666666666667,0.0,30.666666666666668,0.5,0.0,0.3333333333333333
jrtv.gov.jo,8,1.125,0.0,50.125,1.0,0.25,0.625
ju.edu.jo,30,4.233333333333333,0.6,111.4,1.0,0.5,1.0
kingabdullah.jo,2,1.5,0.0,36.0,0.0,0.0,1.0
mgc-gas.jo,30,3.2333333333333334,0.0,44.666666666666664,0.06666666666666667,0.8,0.03333333333333333
moh.gov.jo,14,2.7142857142857144,0.14285714285714285,50.785714285714285,1.0,0.35714285714285715,0.35714285714285715
moi.gov.jo,19,2.1578947368421053,0.05263157894736842,107.89473684210526,1.0,0.10526315789473684,0.3684210526315789
ntp.org,30,2.1,0.06666666666666667,41.733333333333334,1.0,0.3,0.5333333333333333
psd.gov.jo,9,2.6666666666666665,2.2222222222222223,253.11111111111111,1.0,0.8888888888888888,0.8888888888888888
sentry.io,30,1.9333333333333333,0.23333333333333334,75.6,0.0,0.1,0.06666666666666667
spac.gov.jo,11,2.4545454545454546,0.2727272727272727,109.54545454545455,1.0,0.5454545454545454,0.8181818181818182
spotify.com,30,0.43333333333333335,0.7333333333333333,46.36666666666667,0.8,0.1,0.0
vimeo.com,4,1.0,0.0,29.5,0.5,0.0,1.0
youtube.com.jo,2,1.0,0.5,47.5,1.0,0.0,0.5
youtube.jo,8,0.5,0.0,25.5,0.5,0.0,0.5
